Material,Load_kN,Mode,Slenderness
Steel A36,1.64493,Euler (Long),1732.05
Stainless 304,1.58736,Euler (Long),1732.05
Aluminum 6061-T6,0.56668,Euler (Long),1732.05
Titanium Gr5,0.935967,Euler (Long),1732.05
Brass C360,0.797793,Euler (Long),1732.05
Gray Cast Iron,0.904714,Euler (Long),1732.05
Pure Copper (Soft),0.962286,Euler (Long),1732.05
Pure Copper (Hard),0.962286,Euler (Long),1732.05
Magnesium AZ31,0.37011,Euler (Long),1732.05
Zinc Alloy 3,0.699097,Euler (Long),1732.05
PVC (Rigid),0.024674,Euler (Long),1732.05
Nylon 6/6,0.0230291,Euler (Long),1732.05
Concrete (RSC),0.205617,Euler (Long),1732.05
Concrete (HSC),0.411234,Euler (Long),1732.05
Red Oak Wood,0.0904714,Euler (Long),1732.05
White Oak Wood,0.098696,Euler (Long),1732.05
Douglas Fir,0.106921,Euler (Long),1732.05
Scots Pine Wood,0.0822467,Euler (Long),1732.05
Plate Glass,0.575727,Euler (Long),1732.05
Structural Plywood,0.0822467,Euler (Long),1732.05
